[{"pk": 2, "model": "fight.map", "fields": {"name": "Test 2", "creator": 1}}, {"pk": 1, "model": "fight.map", "fields": {"name": "Test Map", "creator": 1}}, {"pk": 3, "model": "fight.map", "fields": {"name": "test 3", "creator": 1}}, {"pk": 11, "model": "fight.attribute", "fields": {"default": 1, "name": "cost", "desc": "How many budget points does it take to purchase this character"}}, {"pk": 1, "model": "fight.attribute", "fields": {"default": null, "name": "health", "desc": "Starting # of hit points"}}, {"pk": 3, "model": "fight.attribute", "fields": {"default": null, "name": "meleeAttack", "desc": "Average amount of damage that can be done when standing next to the character being attacked. (Base damage before factoring in opponent's defense attributes will be randomly distributed around this value)"}}, {"pk": 10, "model": "fight.attribute", "fields": {"default": null, "name": "meleeAttackCost", "desc": "How many AP are taken by an attack on an adjacent character"}}, {"pk": 4, "model": "fight.attribute", "fields": {"default": 0, "name": "meleeDefense", "desc": "Average amount of damage that can be negated when being attacked by an adjacent character. (Amount of damage negated will be randomly distributed around this value)"}}, {"pk": 2, "model": "fight.attribute", "fields": {"default": 5, "name": "moveCost", "desc": "How many AP are taken by a move of one space"}}, {"pk": 9, "model": "fight.attribute", "fields": {"default": null, "name": "moveMax", "desc": "The maximum number of moves a character can take in one turn"}}, {"pk": 5, "model": "fight.attribute", "fields": {"default": null, "name": "range", "desc": "The longest distance a character can reach in an attack"}}, {"pk": 6, "model": "fight.attribute", "fields": {"default": null, "name": "rangeAttack", "desc": "Average amount of damage that can be done when not adjacent to the character being attacked. (Base damage before factoring in opponent's defense attributes will be randomly distributed around this value)"}}, {"pk": 8, "model": "fight.attribute", "fields": {"default": null, "name": "rangeAttackCost", "desc": "How many AP are taken by an attack on a non-adjacent character"}}, {"pk": 7, "model": "fight.attribute", "fields": {"default": 0, "name": "rangeDefense", "desc": "Average amount of damage that can be negated when being attacked by a non-adjacent character. (Amount of damage negated will be randomly distributed around this value)"}}, {"pk": 1, "model": "fight.terraintype", "fields": {"color": "#00FF00", "name": "Grass"}}, {"pk": 2, "model": "fight.terraintype", "fields": {"color": "#AAAAAA", "name": "Rock"}}, {"pk": 3, "model": "fight.terraintype", "fields": {"color": "#E2C800", "name": "Sand"}}, {"pk": 4, "model": "fight.terraintype", "fields": {"color": "#0000FF", "name": "Water"}}, {"pk": 1, "model": "fight.terrainmodifier", "fields": {"operator": "*", "attribute": 2, "terrain": 3, "effect": "1.3"}}, {"pk": 2, "model": "fight.terrainmodifier", "fields": {"operator": "*", "attribute": 2, "terrain": 4, "effect": "2.5"}}, {"pk": 3, "model": "fight.terrainmodifier", "fields": {"operator": "*", "attribute": 2, "terrain": 2, "effect": "0.8"}}, {"pk": 4, "model": "fight.terrainmodifier", "fields": {"operator": "-", "attribute": 7, "terrain": 2, "effect": "1"}}, {"pk": 5, "model": "fight.terrainmodifier", "fields": {"operator": "+", "attribute": 7, "terrain": 4, "effect": "2"}}, {"pk": 6, "model": "fight.terrainmodifier", "fields": {"operator": "/", "attribute": 3, "terrain": 4, "effect": "2"}}, {"pk": 7, "model": "fight.terrainmodifier", "fields": {"operator": "+", "attribute": 3, "terrain": 2, "effect": "1"}}, {"pk": 226, "model": "fight.cell", "fields": {"y": 0, "x": 0, "terrain": 3, "mapObj": 2}}, {"pk": 227, "model": "fight.cell", "fields": {"y": 1, "x": 0, "terrain": 3, "mapObj": 2}}, {"pk": 228, "model": "fight.cell", "fields": {"y": 2, "x": 0, "terrain": 3, "mapObj": 2}}, {"pk": 229, "model": "fight.cell", "fields": {"y": 3, "x": 0, "terrain": 3, "mapObj": 2}}, {"pk": 230, "model": "fight.cell", "fields": {"y": 4, "x": 0, "terrain": 3, "mapObj": 2}}, {"pk": 231, "model": "fight.cell", "fields": {"y": 0, "x": 1, "terrain": 3, "mapObj": 2}}, {"pk": 232, "model": "fight.cell", "fields": {"y": 1, "x": 1, "terrain": 3, "mapObj": 2}}, {"pk": 233, "model": "fight.cell", "fields": {"y": 2, "x": 1, "terrain": 3, "mapObj": 2}}, {"pk": 234, "model": "fight.cell", "fields": {"y": 3, "x": 1, "terrain": 3, "mapObj": 2}}, {"pk": 235, "model": "fight.cell", "fields": {"y": 4, "x": 1, "terrain": 3, "mapObj": 2}}, {"pk": 236, "model": "fight.cell", "fields": {"y": 0, "x": 2, "terrain": 3, "mapObj": 2}}, {"pk": 237, "model": "fight.cell", "fields": {"y": 1, "x": 2, "terrain": 3, "mapObj": 2}}, {"pk": 238, "model": "fight.cell", "fields": {"y": 2, "x": 2, "terrain": 2, "mapObj": 2}}, {"pk": 239, "model": "fight.cell", "fields": {"y": 3, "x": 2, "terrain": 3, "mapObj": 2}}, {"pk": 240, "model": "fight.cell", "fields": {"y": 4, "x": 2, "terrain": 3, "mapObj": 2}}, {"pk": 241, "model": "fight.cell", "fields": {"y": 0, "x": 3, "terrain": 3, "mapObj": 2}}, {"pk": 242, "model": "fight.cell", "fields": {"y": 1, "x": 3, "terrain": 3, "mapObj": 2}}, {"pk": 243, "model": "fight.cell", "fields": {"y": 2, "x": 3, "terrain": 3, "mapObj": 2}}, {"pk": 244, "model": "fight.cell", "fields": {"y": 3, "x": 3, "terrain": 3, "mapObj": 2}}, {"pk": 245, "model": "fight.cell", "fields": {"y": 4, "x": 3, "terrain": 3, "mapObj": 2}}, {"pk": 246, "model": "fight.cell", "fields": {"y": 0, "x": 4, "terrain": 3, "mapObj": 2}}, {"pk": 247, "model": "fight.cell", "fields": {"y": 1, "x": 4, "terrain": 3, "mapObj": 2}}, {"pk": 248, "model": "fight.cell", "fields": {"y": 2, "x": 4, "terrain": 3, "mapObj": 2}}, {"pk": 249, "model": "fight.cell", "fields": {"y": 3, "x": 4, "terrain": 3, "mapObj": 2}}, {"pk": 250, "model": "fight.cell", "fields": {"y": 4, "x": 4, "terrain": 3, "mapObj": 2}}, {"pk": 251, "model": "fight.cell", "fields": {"y": 0, "x": 0, "terrain": 2, "mapObj": 1}}, {"pk": 252, "model": "fight.cell", "fields": {"y": 1, "x": 0, "terrain": 2, "mapObj": 1}}, {"pk": 253, "model": "fight.cell", "fields": {"y": 2, "x": 0, "terrain": 3, "mapObj": 1}}, {"pk": 254, "model": "fight.cell", "fields": {"y": 3, "x": 0, "terrain": 3, "mapObj": 1}}, {"pk": 255, "model": "fight.cell", "fields": {"y": 4, "x": 0, "terrain": 3, "mapObj": 1}}, {"pk": 416, "model": "fight.cell", "fields": {"y": 5, "x": 0, "terrain": 4, "mapObj": 1}}, {"pk": 422, "model": "fight.cell", "fields": {"y": 6, "x": 0, "terrain": 4, "mapObj": 1}}, {"pk": 428, "model": "fight.cell", "fields": {"y": 7, "x": 0, "terrain": 4, "mapObj": 1}}, {"pk": 434, "model": "fight.cell", "fields": {"y": 8, "x": 0, "terrain": 3, "mapObj": 1}}, {"pk": 440, "model": "fight.cell", "fields": {"y": 9, "x": 0, "terrain": 2, "mapObj": 1}}, {"pk": 446, "model": "fight.cell", "fields": {"y": 10, "x": 0, "terrain": 2, "mapObj": 1}}, {"pk": 452, "model": "fight.cell", "fields": {"y": 11, "x": 0, "terrain": 2, "mapObj": 1}}, {"pk": 458, "model": "fight.cell", "fields": {"y": 12, "x": 0, "terrain": 2, "mapObj": 1}}, {"pk": 464, "model": "fight.cell", "fields": {"y": 13, "x": 0, "terrain": 2, "mapObj": 1}}, {"pk": 470, "model": "fight.cell", "fields": {"y": 14, "x": 0, "terrain": 2, "mapObj": 1}}, {"pk": 256, "model": "fight.cell", "fields": {"y": 0, "x": 1, "terrain": 2, "mapObj": 1}}, {"pk": 257, "model": "fight.cell", "fields": {"y": 1, "x": 1, "terrain": 1, "mapObj": 1}}, {"pk": 258, "model": "fight.cell", "fields": {"y": 2, "x": 1, "terrain": 3, "mapObj": 1}}, {"pk": 259, "model": "fight.cell", "fields": {"y": 3, "x": 1, "terrain": 3, "mapObj": 1}}, {"pk": 260, "model": "fight.cell", "fields": {"y": 4, "x": 1, "terrain": 3, "mapObj": 1}}, {"pk": 417, "model": "fight.cell", "fields": {"y": 5, "x": 1, "terrain": 4, "mapObj": 1}}, {"pk": 423, "model": "fight.cell", "fields": {"y": 6, "x": 1, "terrain": 4, "mapObj": 1}}, {"pk": 429, "model": "fight.cell", "fields": {"y": 7, "x": 1, "terrain": 4, "mapObj": 1}}, {"pk": 435, "model": "fight.cell", "fields": {"y": 8, "x": 1, "terrain": 3, "mapObj": 1}}, {"pk": 441, "model": "fight.cell", "fields": {"y": 9, "x": 1, "terrain": 2, "mapObj": 1}}, {"pk": 447, "model": "fight.cell", "fields": {"y": 10, "x": 1, "terrain": 2, "mapObj": 1}}, {"pk": 453, "model": "fight.cell", "fields": {"y": 11, "x": 1, "terrain": 2, "mapObj": 1}}, {"pk": 459, "model": "fight.cell", "fields": {"y": 12, "x": 1, "terrain": 2, "mapObj": 1}}, {"pk": 465, "model": "fight.cell", "fields": {"y": 13, "x": 1, "terrain": 2, "mapObj": 1}}, {"pk": 471, "model": "fight.cell", "fields": {"y": 14, "x": 1, "terrain": 2, "mapObj": 1}}, {"pk": 261, "model": "fight.cell", "fields": {"y": 0, "x": 2, "terrain": 2, "mapObj": 1}}, {"pk": 262, "model": "fight.cell", "fields": {"y": 1, "x": 2, "terrain": 1, "mapObj": 1}}, {"pk": 263, "model": "fight.cell", "fields": {"y": 2, "x": 2, "terrain": 1, "mapObj": 1}}, {"pk": 264, "model": "fight.cell", "fields": {"y": 3, "x": 2, "terrain": 3, "mapObj": 1}}, {"pk": 265, "model": "fight.cell", "fields": {"y": 4, "x": 2, "terrain": 3, "mapObj": 1}}, {"pk": 418, "model": "fight.cell", "fields": {"y": 5, "x": 2, "terrain": 3, "mapObj": 1}}, {"pk": 424, "model": "fight.cell", "fields": {"y": 6, "x": 2, "terrain": 4, "mapObj": 1}}, {"pk": 430, "model": "fight.cell", "fields": {"y": 7, "x": 2, "terrain": 4, "mapObj": 1}}, {"pk": 436, "model": "fight.cell", "fields": {"y": 8, "x": 2, "terrain": 4, "mapObj": 1}}, {"pk": 442, "model": "fight.cell", "fields": {"y": 9, "x": 2, "terrain": 3, "mapObj": 1}}, {"pk": 448, "model": "fight.cell", "fields": {"y": 10, "x": 2, "terrain": 2, "mapObj": 1}}, {"pk": 454, "model": "fight.cell", "fields": {"y": 11, "x": 2, "terrain": 2, "mapObj": 1}}, {"pk": 460, "model": "fight.cell", "fields": {"y": 12, "x": 2, "terrain": 2, "mapObj": 1}}, {"pk": 466, "model": "fight.cell", "fields": {"y": 13, "x": 2, "terrain": 2, "mapObj": 1}}, {"pk": 472, "model": "fight.cell", "fields": {"y": 14, "x": 2, "terrain": 2, "mapObj": 1}}, {"pk": 266, "model": "fight.cell", "fields": {"y": 0, "x": 3, "terrain": 2, "mapObj": 1}}, {"pk": 267, "model": "fight.cell", "fields": {"y": 1, "x": 3, "terrain": 1, "mapObj": 1}}, {"pk": 268, "model": "fight.cell", "fields": {"y": 2, "x": 3, "terrain": 1, "mapObj": 1}}, {"pk": 269, "model": "fight.cell", "fields": {"y": 3, "x": 3, "terrain": 3, "mapObj": 1}}, {"pk": 270, "model": "fight.cell", "fields": {"y": 4, "x": 3, "terrain": 3, "mapObj": 1}}, {"pk": 419, "model": "fight.cell", "fields": {"y": 5, "x": 3, "terrain": 3, "mapObj": 1}}, {"pk": 425, "model": "fight.cell", "fields": {"y": 6, "x": 3, "terrain": 4, "mapObj": 1}}, {"pk": 431, "model": "fight.cell", "fields": {"y": 7, "x": 3, "terrain": 4, "mapObj": 1}}, {"pk": 437, "model": "fight.cell", "fields": {"y": 8, "x": 3, "terrain": 4, "mapObj": 1}}, {"pk": 443, "model": "fight.cell", "fields": {"y": 9, "x": 3, "terrain": 3, "mapObj": 1}}, {"pk": 449, "model": "fight.cell", "fields": {"y": 10, "x": 3, "terrain": 2, "mapObj": 1}}, {"pk": 455, "model": "fight.cell", "fields": {"y": 11, "x": 3, "terrain": 1, "mapObj": 1}}, {"pk": 461, "model": "fight.cell", "fields": {"y": 12, "x": 3, "terrain": 2, "mapObj": 1}}, {"pk": 467, "model": "fight.cell", "fields": {"y": 13, "x": 3, "terrain": 2, "mapObj": 1}}, {"pk": 473, "model": "fight.cell", "fields": {"y": 14, "x": 3, "terrain": 2, "mapObj": 1}}, {"pk": 271, "model": "fight.cell", "fields": {"y": 0, "x": 4, "terrain": 2, "mapObj": 1}}, {"pk": 272, "model": "fight.cell", "fields": {"y": 1, "x": 4, "terrain": 2, "mapObj": 1}}, {"pk": 273, "model": "fight.cell", "fields": {"y": 2, "x": 4, "terrain": 2, "mapObj": 1}}, {"pk": 274, "model": "fight.cell", "fields": {"y": 3, "x": 4, "terrain": 2, "mapObj": 1}}, {"pk": 275, "model": "fight.cell", "fields": {"y": 4, "x": 4, "terrain": 3, "mapObj": 1}}, {"pk": 420, "model": "fight.cell", "fields": {"y": 5, "x": 4, "terrain": 3, "mapObj": 1}}, {"pk": 426, "model": "fight.cell", "fields": {"y": 6, "x": 4, "terrain": 4, "mapObj": 1}}, {"pk": 432, "model": "fight.cell", "fields": {"y": 7, "x": 4, "terrain": 4, "mapObj": 1}}, {"pk": 438, "model": "fight.cell", "fields": {"y": 8, "x": 4, "terrain": 4, "mapObj": 1}}, {"pk": 444, "model": "fight.cell", "fields": {"y": 9, "x": 4, "terrain": 3, "mapObj": 1}}, {"pk": 450, "model": "fight.cell", "fields": {"y": 10, "x": 4, "terrain": 2, "mapObj": 1}}, {"pk": 456, "model": "fight.cell", "fields": {"y": 11, "x": 4, "terrain": 1, "mapObj": 1}}, {"pk": 462, "model": "fight.cell", "fields": {"y": 12, "x": 4, "terrain": 1, "mapObj": 1}}, {"pk": 468, "model": "fight.cell", "fields": {"y": 13, "x": 4, "terrain": 2, "mapObj": 1}}, {"pk": 474, "model": "fight.cell", "fields": {"y": 14, "x": 4, "terrain": 2, "mapObj": 1}}, {"pk": 276, "model": "fight.cell", "fields": {"y": 0, "x": 5, "terrain": 2, "mapObj": 1}}, {"pk": 277, "model": "fight.cell", "fields": {"y": 1, "x": 5, "terrain": 2, "mapObj": 1}}, {"pk": 278, "model": "fight.cell", "fields": {"y": 2, "x": 5, "terrain": 2, "mapObj": 1}}, {"pk": 279, "model": "fight.cell", "fields": {"y": 3, "x": 5, "terrain": 2, "mapObj": 1}}, {"pk": 280, "model": "fight.cell", "fields": {"y": 4, "x": 5, "terrain": 3, "mapObj": 1}}, {"pk": 421, "model": "fight.cell", "fields": {"y": 5, "x": 5, "terrain": 3, "mapObj": 1}}, {"pk": 427, "model": "fight.cell", "fields": {"y": 6, "x": 5, "terrain": 4, "mapObj": 1}}, {"pk": 433, "model": "fight.cell", "fields": {"y": 7, "x": 5, "terrain": 4, "mapObj": 1}}, {"pk": 439, "model": "fight.cell", "fields": {"y": 8, "x": 5, "terrain": 3, "mapObj": 1}}, {"pk": 445, "model": "fight.cell", "fields": {"y": 9, "x": 5, "terrain": 2, "mapObj": 1}}, {"pk": 451, "model": "fight.cell", "fields": {"y": 10, "x": 5, "terrain": 2, "mapObj": 1}}, {"pk": 457, "model": "fight.cell", "fields": {"y": 11, "x": 5, "terrain": 1, "mapObj": 1}}, {"pk": 463, "model": "fight.cell", "fields": {"y": 12, "x": 5, "terrain": 1, "mapObj": 1}}, {"pk": 469, "model": "fight.cell", "fields": {"y": 13, "x": 5, "terrain": 2, "mapObj": 1}}, {"pk": 475, "model": "fight.cell", "fields": {"y": 14, "x": 5, "terrain": 2, "mapObj": 1}}, {"pk": 281, "model": "fight.cell", "fields": {"y": 0, "x": 6, "terrain": 2, "mapObj": 1}}, {"pk": 282, "model": "fight.cell", "fields": {"y": 1, "x": 6, "terrain": 2, "mapObj": 1}}, {"pk": 283, "model": "fight.cell", "fields": {"y": 2, "x": 6, "terrain": 2, "mapObj": 1}}, {"pk": 284, "model": "fight.cell", "fields": {"y": 3, "x": 6, "terrain": 2, "mapObj": 1}}, {"pk": 285, "model": "fight.cell", "fields": {"y": 4, "x": 6, "terrain": 2, "mapObj": 1}}, {"pk": 286, "model": "fight.cell", "fields": {"y": 5, "x": 6, "terrain": 3, "mapObj": 1}}, {"pk": 287, "model": "fight.cell", "fields": {"y": 6, "x": 6, "terrain": 4, "mapObj": 1}}, {"pk": 288, "model": "fight.cell", "fields": {"y": 7, "x": 6, "terrain": 4, "mapObj": 1}}, {"pk": 289, "model": "fight.cell", "fields": {"y": 8, "x": 6, "terrain": 3, "mapObj": 1}}, {"pk": 290, "model": "fight.cell", "fields": {"y": 9, "x": 6, "terrain": 2, "mapObj": 1}}, {"pk": 291, "model": "fight.cell", "fields": {"y": 10, "x": 6, "terrain": 2, "mapObj": 1}}, {"pk": 292, "model": "fight.cell", "fields": {"y": 11, "x": 6, "terrain": 1, "mapObj": 1}}, {"pk": 293, "model": "fight.cell", "fields": {"y": 12, "x": 6, "terrain": 1, "mapObj": 1}}, {"pk": 294, "model": "fight.cell", "fields": {"y": 13, "x": 6, "terrain": 2, "mapObj": 1}}, {"pk": 295, "model": "fight.cell", "fields": {"y": 14, "x": 6, "terrain": 2, "mapObj": 1}}, {"pk": 296, "model": "fight.cell", "fields": {"y": 0, "x": 7, "terrain": 2, "mapObj": 1}}, {"pk": 297, "model": "fight.cell", "fields": {"y": 1, "x": 7, "terrain": 2, "mapObj": 1}}, {"pk": 298, "model": "fight.cell", "fields": {"y": 2, "x": 7, "terrain": 2, "mapObj": 1}}, {"pk": 299, "model": "fight.cell", "fields": {"y": 3, "x": 7, "terrain": 2, "mapObj": 1}}, {"pk": 300, "model": "fight.cell", "fields": {"y": 4, "x": 7, "terrain": 3, "mapObj": 1}}, {"pk": 301, "model": "fight.cell", "fields": {"y": 5, "x": 7, "terrain": 4, "mapObj": 1}}, {"pk": 302, "model": "fight.cell", "fields": {"y": 6, "x": 7, "terrain": 4, "mapObj": 1}}, {"pk": 303, "model": "fight.cell", "fields": {"y": 7, "x": 7, "terrain": 3, "mapObj": 1}}, {"pk": 304, "model": "fight.cell", "fields": {"y": 8, "x": 7, "terrain": 2, "mapObj": 1}}, {"pk": 305, "model": "fight.cell", "fields": {"y": 9, "x": 7, "terrain": 2, "mapObj": 1}}, {"pk": 306, "model": "fight.cell", "fields": {"y": 10, "x": 7, "terrain": 2, "mapObj": 1}}, {"pk": 307, "model": "fight.cell", "fields": {"y": 11, "x": 7, "terrain": 1, "mapObj": 1}}, {"pk": 308, "model": "fight.cell", "fields": {"y": 12, "x": 7, "terrain": 1, "mapObj": 1}}, {"pk": 309, "model": "fight.cell", "fields": {"y": 13, "x": 7, "terrain": 2, "mapObj": 1}}, {"pk": 310, "model": "fight.cell", "fields": {"y": 14, "x": 7, "terrain": 2, "mapObj": 1}}, {"pk": 311, "model": "fight.cell", "fields": {"y": 0, "x": 8, "terrain": 2, "mapObj": 1}}, {"pk": 312, "model": "fight.cell", "fields": {"y": 1, "x": 8, "terrain": 2, "mapObj": 1}}, {"pk": 313, "model": "fight.cell", "fields": {"y": 2, "x": 8, "terrain": 2, "mapObj": 1}}, {"pk": 314, "model": "fight.cell", "fields": {"y": 3, "x": 8, "terrain": 2, "mapObj": 1}}, {"pk": 315, "model": "fight.cell", "fields": {"y": 4, "x": 8, "terrain": 3, "mapObj": 1}}, {"pk": 316, "model": "fight.cell", "fields": {"y": 5, "x": 8, "terrain": 4, "mapObj": 1}}, {"pk": 317, "model": "fight.cell", "fields": {"y": 6, "x": 8, "terrain": 4, "mapObj": 1}}, {"pk": 318, "model": "fight.cell", "fields": {"y": 7, "x": 8, "terrain": 3, "mapObj": 1}}, {"pk": 319, "model": "fight.cell", "fields": {"y": 8, "x": 8, "terrain": 2, "mapObj": 1}}, {"pk": 320, "model": "fight.cell", "fields": {"y": 9, "x": 8, "terrain": 2, "mapObj": 1}}, {"pk": 321, "model": "fight.cell", "fields": {"y": 10, "x": 8, "terrain": 2, "mapObj": 1}}, {"pk": 322, "model": "fight.cell", "fields": {"y": 11, "x": 8, "terrain": 2, "mapObj": 1}}, {"pk": 323, "model": "fight.cell", "fields": {"y": 12, "x": 8, "terrain": 2, "mapObj": 1}}, {"pk": 324, "model": "fight.cell", "fields": {"y": 13, "x": 8, "terrain": 2, "mapObj": 1}}, {"pk": 325, "model": "fight.cell", "fields": {"y": 14, "x": 8, "terrain": 2, "mapObj": 1}}, {"pk": 326, "model": "fight.cell", "fields": {"y": 0, "x": 9, "terrain": 2, "mapObj": 1}}, {"pk": 327, "model": "fight.cell", "fields": {"y": 1, "x": 9, "terrain": 1, "mapObj": 1}}, {"pk": 328, "model": "fight.cell", "fields": {"y": 2, "x": 9, "terrain": 2, "mapObj": 1}}, {"pk": 329, "model": "fight.cell", "fields": {"y": 3, "x": 9, "terrain": 3, "mapObj": 1}}, {"pk": 330, "model": "fight.cell", "fields": {"y": 4, "x": 9, "terrain": 4, "mapObj": 1}}, {"pk": 331, "model": "fight.cell", "fields": {"y": 5, "x": 9, "terrain": 4, "mapObj": 1}}, {"pk": 332, "model": "fight.cell", "fields": {"y": 6, "x": 9, "terrain": 4, "mapObj": 1}}, {"pk": 333, "model": "fight.cell", "fields": {"y": 7, "x": 9, "terrain": 3, "mapObj": 1}}, {"pk": 334, "model": "fight.cell", "fields": {"y": 8, "x": 9, "terrain": 3, "mapObj": 1}}, {"pk": 335, "model": "fight.cell", "fields": {"y": 9, "x": 9, "terrain": 2, "mapObj": 1}}, {"pk": 336, "model": "fight.cell", "fields": {"y": 10, "x": 9, "terrain": 2, "mapObj": 1}}, {"pk": 337, "model": "fight.cell", "fields": {"y": 11, "x": 9, "terrain": 2, "mapObj": 1}}, {"pk": 338, "model": "fight.cell", "fields": {"y": 12, "x": 9, "terrain": 2, "mapObj": 1}}, {"pk": 339, "model": "fight.cell", "fields": {"y": 13, "x": 9, "terrain": 2, "mapObj": 1}}, {"pk": 340, "model": "fight.cell", "fields": {"y": 14, "x": 9, "terrain": 2, "mapObj": 1}}, {"pk": 341, "model": "fight.cell", "fields": {"y": 0, "x": 10, "terrain": 2, "mapObj": 1}}, {"pk": 342, "model": "fight.cell", "fields": {"y": 1, "x": 10, "terrain": 1, "mapObj": 1}}, {"pk": 343, "model": "fight.cell", "fields": {"y": 2, "x": 10, "terrain": 1, "mapObj": 1}}, {"pk": 344, "model": "fight.cell", "fields": {"y": 3, "x": 10, "terrain": 2, "mapObj": 1}}, {"pk": 345, "model": "fight.cell", "fields": {"y": 4, "x": 10, "terrain": 3, "mapObj": 1}}, {"pk": 346, "model": "fight.cell", "fields": {"y": 5, "x": 10, "terrain": 4, "mapObj": 1}}, {"pk": 347, "model": "fight.cell", "fields": {"y": 6, "x": 10, "terrain": 4, "mapObj": 1}}, {"pk": 348, "model": "fight.cell", "fields": {"y": 7, "x": 10, "terrain": 4, "mapObj": 1}}, {"pk": 349, "model": "fight.cell", "fields": {"y": 8, "x": 10, "terrain": 4, "mapObj": 1}}, {"pk": 350, "model": "fight.cell", "fields": {"y": 9, "x": 10, "terrain": 3, "mapObj": 1}}, {"pk": 351, "model": "fight.cell", "fields": {"y": 10, "x": 10, "terrain": 2, "mapObj": 1}}, {"pk": 352, "model": "fight.cell", "fields": {"y": 11, "x": 10, "terrain": 1, "mapObj": 1}}, {"pk": 353, "model": "fight.cell", "fields": {"y": 12, "x": 10, "terrain": 1, "mapObj": 1}}, {"pk": 354, "model": "fight.cell", "fields": {"y": 13, "x": 10, "terrain": 2, "mapObj": 1}}, {"pk": 355, "model": "fight.cell", "fields": {"y": 14, "x": 10, "terrain": 2, "mapObj": 1}}, {"pk": 356, "model": "fight.cell", "fields": {"y": 0, "x": 11, "terrain": 1, "mapObj": 1}}, {"pk": 357, "model": "fight.cell", "fields": {"y": 1, "x": 11, "terrain": 1, "mapObj": 1}}, {"pk": 358, "model": "fight.cell", "fields": {"y": 2, "x": 11, "terrain": 1, "mapObj": 1}}, {"pk": 359, "model": "fight.cell", "fields": {"y": 3, "x": 11, "terrain": 2, "mapObj": 1}}, {"pk": 360, "model": "fight.cell", "fields": {"y": 4, "x": 11, "terrain": 3, "mapObj": 1}}, {"pk": 361, "model": "fight.cell", "fields": {"y": 5, "x": 11, "terrain": 4, "mapObj": 1}}, {"pk": 362, "model": "fight.cell", "fields": {"y": 6, "x": 11, "terrain": 4, "mapObj": 1}}, {"pk": 363, "model": "fight.cell", "fields": {"y": 7, "x": 11, "terrain": 4, "mapObj": 1}}, {"pk": 364, "model": "fight.cell", "fields": {"y": 8, "x": 11, "terrain": 3, "mapObj": 1}}, {"pk": 365, "model": "fight.cell", "fields": {"y": 9, "x": 11, "terrain": 3, "mapObj": 1}}, {"pk": 366, "model": "fight.cell", "fields": {"y": 10, "x": 11, "terrain": 2, "mapObj": 1}}, {"pk": 367, "model": "fight.cell", "fields": {"y": 11, "x": 11, "terrain": 1, "mapObj": 1}}, {"pk": 368, "model": "fight.cell", "fields": {"y": 12, "x": 11, "terrain": 1, "mapObj": 1}}, {"pk": 369, "model": "fight.cell", "fields": {"y": 13, "x": 11, "terrain": 1, "mapObj": 1}}, {"pk": 370, "model": "fight.cell", "fields": {"y": 14, "x": 11, "terrain": 2, "mapObj": 1}}, {"pk": 371, "model": "fight.cell", "fields": {"y": 0, "x": 12, "terrain": 1, "mapObj": 1}}, {"pk": 372, "model": "fight.cell", "fields": {"y": 1, "x": 12, "terrain": 1, "mapObj": 1}}, {"pk": 373, "model": "fight.cell", "fields": {"y": 2, "x": 12, "terrain": 1, "mapObj": 1}}, {"pk": 374, "model": "fight.cell", "fields": {"y": 3, "x": 12, "terrain": 1, "mapObj": 1}}, {"pk": 375, "model": "fight.cell", "fields": {"y": 4, "x": 12, "terrain": 2, "mapObj": 1}}, {"pk": 376, "model": "fight.cell", "fields": {"y": 5, "x": 12, "terrain": 3, "mapObj": 1}}, {"pk": 377, "model": "fight.cell", "fields": {"y": 6, "x": 12, "terrain": 4, "mapObj": 1}}, {"pk": 378, "model": "fight.cell", "fields": {"y": 7, "x": 12, "terrain": 4, "mapObj": 1}}, {"pk": 379, "model": "fight.cell", "fields": {"y": 8, "x": 12, "terrain": 3, "mapObj": 1}}, {"pk": 380, "model": "fight.cell", "fields": {"y": 9, "x": 12, "terrain": 3, "mapObj": 1}}, {"pk": 381, "model": "fight.cell", "fields": {"y": 10, "x": 12, "terrain": 3, "mapObj": 1}}, {"pk": 382, "model": "fight.cell", "fields": {"y": 11, "x": 12, "terrain": 2, "mapObj": 1}}, {"pk": 383, "model": "fight.cell", "fields": {"y": 12, "x": 12, "terrain": 1, "mapObj": 1}}, {"pk": 384, "model": "fight.cell", "fields": {"y": 13, "x": 12, "terrain": 1, "mapObj": 1}}, {"pk": 385, "model": "fight.cell", "fields": {"y": 14, "x": 12, "terrain": 2, "mapObj": 1}}, {"pk": 386, "model": "fight.cell", "fields": {"y": 0, "x": 13, "terrain": 2, "mapObj": 1}}, {"pk": 387, "model": "fight.cell", "fields": {"y": 1, "x": 13, "terrain": 2, "mapObj": 1}}, {"pk": 388, "model": "fight.cell", "fields": {"y": 2, "x": 13, "terrain": 2, "mapObj": 1}}, {"pk": 389, "model": "fight.cell", "fields": {"y": 3, "x": 13, "terrain": 2, "mapObj": 1}}, {"pk": 390, "model": "fight.cell", "fields": {"y": 4, "x": 13, "terrain": 2, "mapObj": 1}}, {"pk": 391, "model": "fight.cell", "fields": {"y": 5, "x": 13, "terrain": 3, "mapObj": 1}}, {"pk": 392, "model": "fight.cell", "fields": {"y": 6, "x": 13, "terrain": 4, "mapObj": 1}}, {"pk": 393, "model": "fight.cell", "fields": {"y": 7, "x": 13, "terrain": 4, "mapObj": 1}}, {"pk": 394, "model": "fight.cell", "fields": {"y": 8, "x": 13, "terrain": 3, "mapObj": 1}}, {"pk": 395, "model": "fight.cell", "fields": {"y": 9, "x": 13, "terrain": 3, "mapObj": 1}}, {"pk": 396, "model": "fight.cell", "fields": {"y": 10, "x": 13, "terrain": 3, "mapObj": 1}}, {"pk": 397, "model": "fight.cell", "fields": {"y": 11, "x": 13, "terrain": 2, "mapObj": 1}}, {"pk": 398, "model": "fight.cell", "fields": {"y": 12, "x": 13, "terrain": 2, "mapObj": 1}}, {"pk": 399, "model": "fight.cell", "fields": {"y": 13, "x": 13, "terrain": 2, "mapObj": 1}}, {"pk": 400, "model": "fight.cell", "fields": {"y": 14, "x": 13, "terrain": 2, "mapObj": 1}}, {"pk": 401, "model": "fight.cell", "fields": {"y": 0, "x": 14, "terrain": 2, "mapObj": 1}}, {"pk": 402, "model": "fight.cell", "fields": {"y": 1, "x": 14, "terrain": 2, "mapObj": 1}}, {"pk": 403, "model": "fight.cell", "fields": {"y": 2, "x": 14, "terrain": 2, "mapObj": 1}}, {"pk": 404, "model": "fight.cell", "fields": {"y": 3, "x": 14, "terrain": 2, "mapObj": 1}}, {"pk": 405, "model": "fight.cell", "fields": {"y": 4, "x": 14, "terrain": 2, "mapObj": 1}}, {"pk": 406, "model": "fight.cell", "fields": {"y": 5, "x": 14, "terrain": 2, "mapObj": 1}}, {"pk": 407, "model": "fight.cell", "fields": {"y": 6, "x": 14, "terrain": 3, "mapObj": 1}}, {"pk": 408, "model": "fight.cell", "fields": {"y": 7, "x": 14, "terrain": 4, "mapObj": 1}}, {"pk": 409, "model": "fight.cell", "fields": {"y": 8, "x": 14, "terrain": 4, "mapObj": 1}}, {"pk": 410, "model": "fight.cell", "fields": {"y": 9, "x": 14, "terrain": 3, "mapObj": 1}}, {"pk": 411, "model": "fight.cell", "fields": {"y": 10, "x": 14, "terrain": 3, "mapObj": 1}}, {"pk": 412, "model": "fight.cell", "fields": {"y": 11, "x": 14, "terrain": 3, "mapObj": 1}}, {"pk": 413, "model": "fight.cell", "fields": {"y": 12, "x": 14, "terrain": 2, "mapObj": 1}}, {"pk": 414, "model": "fight.cell", "fields": {"y": 13, "x": 14, "terrain": 2, "mapObj": 1}}, {"pk": 415, "model": "fight.cell", "fields": {"y": 14, "x": 14, "terrain": 2, "mapObj": 1}}, {"pk": 476, "model": "fight.cell", "fields": {"y": 0, "x": 0, "terrain": 4, "mapObj": 3}}, {"pk": 477, "model": "fight.cell", "fields": {"y": 1, "x": 0, "terrain": 4, "mapObj": 3}}, {"pk": 478, "model": "fight.cell", "fields": {"y": 2, "x": 0, "terrain": 4, "mapObj": 3}}, {"pk": 479, "model": "fight.cell", "fields": {"y": 3, "x": 0, "terrain": 4, "mapObj": 3}}, {"pk": 480, "model": "fight.cell", "fields": {"y": 4, "x": 0, "terrain": 4, "mapObj": 3}}, {"pk": 541, "model": "fight.cell", "fields": {"y": 5, "x": 0, "terrain": 4, "mapObj": 3}}, {"pk": 548, "model": "fight.cell", "fields": {"y": 6, "x": 0, "terrain": 4, "mapObj": 3}}, {"pk": 555, "model": "fight.cell", "fields": {"y": 7, "x": 0, "terrain": 4, "mapObj": 3}}, {"pk": 562, "model": "fight.cell", "fields": {"y": 8, "x": 0, "terrain": 4, "mapObj": 3}}, {"pk": 569, "model": "fight.cell", "fields": {"y": 9, "x": 0, "terrain": 4, "mapObj": 3}}, {"pk": 621, "model": "fight.cell", "fields": {"y": 10, "x": 0, "terrain": 4, "mapObj": 3}}, {"pk": 631, "model": "fight.cell", "fields": {"y": 11, "x": 0, "terrain": 4, "mapObj": 3}}, {"pk": 641, "model": "fight.cell", "fields": {"y": 12, "x": 0, "terrain": 4, "mapObj": 3}}, {"pk": 651, "model": "fight.cell", "fields": {"y": 13, "x": 0, "terrain": 4, "mapObj": 3}}, {"pk": 661, "model": "fight.cell", "fields": {"y": 14, "x": 0, "terrain": 4, "mapObj": 3}}, {"pk": 481, "model": "fight.cell", "fields": {"y": 0, "x": 1, "terrain": 4, "mapObj": 3}}, {"pk": 482, "model": "fight.cell", "fields": {"y": 1, "x": 1, "terrain": 4, "mapObj": 3}}, {"pk": 483, "model": "fight.cell", "fields": {"y": 2, "x": 1, "terrain": 4, "mapObj": 3}}, {"pk": 484, "model": "fight.cell", "fields": {"y": 3, "x": 1, "terrain": 4, "mapObj": 3}}, {"pk": 485, "model": "fight.cell", "fields": {"y": 4, "x": 1, "terrain": 4, "mapObj": 3}}, {"pk": 542, "model": "fight.cell", "fields": {"y": 5, "x": 1, "terrain": 4, "mapObj": 3}}, {"pk": 549, "model": "fight.cell", "fields": {"y": 6, "x": 1, "terrain": 4, "mapObj": 3}}, {"pk": 556, "model": "fight.cell", "fields": {"y": 7, "x": 1, "terrain": 4, "mapObj": 3}}, {"pk": 563, "model": "fight.cell", "fields": {"y": 8, "x": 1, "terrain": 4, "mapObj": 3}}, {"pk": 570, "model": "fight.cell", "fields": {"y": 9, "x": 1, "terrain": 4, "mapObj": 3}}, {"pk": 622, "model": "fight.cell", "fields": {"y": 10, "x": 1, "terrain": 4, "mapObj": 3}}, {"pk": 632, "model": "fight.cell", "fields": {"y": 11, "x": 1, "terrain": 4, "mapObj": 3}}, {"pk": 642, "model": "fight.cell", "fields": {"y": 12, "x": 1, "terrain": 4, "mapObj": 3}}, {"pk": 652, "model": "fight.cell", "fields": {"y": 13, "x": 1, "terrain": 4, "mapObj": 3}}, {"pk": 662, "model": "fight.cell", "fields": {"y": 14, "x": 1, "terrain": 4, "mapObj": 3}}, {"pk": 486, "model": "fight.cell", "fields": {"y": 0, "x": 2, "terrain": 4, "mapObj": 3}}, {"pk": 487, "model": "fight.cell", "fields": {"y": 1, "x": 2, "terrain": 4, "mapObj": 3}}, {"pk": 488, "model": "fight.cell", "fields": {"y": 2, "x": 2, "terrain": 4, "mapObj": 3}}, {"pk": 489, "model": "fight.cell", "fields": {"y": 3, "x": 2, "terrain": 4, "mapObj": 3}}, {"pk": 490, "model": "fight.cell", "fields": {"y": 4, "x": 2, "terrain": 4, "mapObj": 3}}, {"pk": 543, "model": "fight.cell", "fields": {"y": 5, "x": 2, "terrain": 4, "mapObj": 3}}, {"pk": 550, "model": "fight.cell", "fields": {"y": 6, "x": 2, "terrain": 4, "mapObj": 3}}, {"pk": 557, "model": "fight.cell", "fields": {"y": 7, "x": 2, "terrain": 4, "mapObj": 3}}, {"pk": 564, "model": "fight.cell", "fields": {"y": 8, "x": 2, "terrain": 4, "mapObj": 3}}, {"pk": 571, "model": "fight.cell", "fields": {"y": 9, "x": 2, "terrain": 4, "mapObj": 3}}, {"pk": 623, "model": "fight.cell", "fields": {"y": 10, "x": 2, "terrain": 4, "mapObj": 3}}, {"pk": 633, "model": "fight.cell", "fields": {"y": 11, "x": 2, "terrain": 4, "mapObj": 3}}, {"pk": 643, "model": "fight.cell", "fields": {"y": 12, "x": 2, "terrain": 4, "mapObj": 3}}, {"pk": 653, "model": "fight.cell", "fields": {"y": 13, "x": 2, "terrain": 4, "mapObj": 3}}, {"pk": 663, "model": "fight.cell", "fields": {"y": 14, "x": 2, "terrain": 4, "mapObj": 3}}, {"pk": 491, "model": "fight.cell", "fields": {"y": 0, "x": 3, "terrain": 4, "mapObj": 3}}, {"pk": 492, "model": "fight.cell", "fields": {"y": 1, "x": 3, "terrain": 4, "mapObj": 3}}, {"pk": 493, "model": "fight.cell", "fields": {"y": 2, "x": 3, "terrain": 4, "mapObj": 3}}, {"pk": 494, "model": "fight.cell", "fields": {"y": 3, "x": 3, "terrain": 4, "mapObj": 3}}, {"pk": 495, "model": "fight.cell", "fields": {"y": 4, "x": 3, "terrain": 4, "mapObj": 3}}, {"pk": 544, "model": "fight.cell", "fields": {"y": 5, "x": 3, "terrain": 4, "mapObj": 3}}, {"pk": 551, "model": "fight.cell", "fields": {"y": 6, "x": 3, "terrain": 4, "mapObj": 3}}, {"pk": 558, "model": "fight.cell", "fields": {"y": 7, "x": 3, "terrain": 4, "mapObj": 3}}, {"pk": 565, "model": "fight.cell", "fields": {"y": 8, "x": 3, "terrain": 4, "mapObj": 3}}, {"pk": 572, "model": "fight.cell", "fields": {"y": 9, "x": 3, "terrain": 4, "mapObj": 3}}, {"pk": 624, "model": "fight.cell", "fields": {"y": 10, "x": 3, "terrain": 4, "mapObj": 3}}, {"pk": 634, "model": "fight.cell", "fields": {"y": 11, "x": 3, "terrain": 4, "mapObj": 3}}, {"pk": 644, "model": "fight.cell", "fields": {"y": 12, "x": 3, "terrain": 4, "mapObj": 3}}, {"pk": 654, "model": "fight.cell", "fields": {"y": 13, "x": 3, "terrain": 4, "mapObj": 3}}, {"pk": 664, "model": "fight.cell", "fields": {"y": 14, "x": 3, "terrain": 4, "mapObj": 3}}, {"pk": 496, "model": "fight.cell", "fields": {"y": 0, "x": 4, "terrain": 4, "mapObj": 3}}, {"pk": 497, "model": "fight.cell", "fields": {"y": 1, "x": 4, "terrain": 4, "mapObj": 3}}, {"pk": 498, "model": "fight.cell", "fields": {"y": 2, "x": 4, "terrain": 4, "mapObj": 3}}, {"pk": 499, "model": "fight.cell", "fields": {"y": 3, "x": 4, "terrain": 4, "mapObj": 3}}, {"pk": 500, "model": "fight.cell", "fields": {"y": 4, "x": 4, "terrain": 4, "mapObj": 3}}, {"pk": 545, "model": "fight.cell", "fields": {"y": 5, "x": 4, "terrain": 4, "mapObj": 3}}, {"pk": 552, "model": "fight.cell", "fields": {"y": 6, "x": 4, "terrain": 4, "mapObj": 3}}, {"pk": 559, "model": "fight.cell", "fields": {"y": 7, "x": 4, "terrain": 4, "mapObj": 3}}, {"pk": 566, "model": "fight.cell", "fields": {"y": 8, "x": 4, "terrain": 4, "mapObj": 3}}, {"pk": 573, "model": "fight.cell", "fields": {"y": 9, "x": 4, "terrain": 4, "mapObj": 3}}, {"pk": 625, "model": "fight.cell", "fields": {"y": 10, "x": 4, "terrain": 4, "mapObj": 3}}, {"pk": 635, "model": "fight.cell", "fields": {"y": 11, "x": 4, "terrain": 4, "mapObj": 3}}, {"pk": 645, "model": "fight.cell", "fields": {"y": 12, "x": 4, "terrain": 4, "mapObj": 3}}, {"pk": 655, "model": "fight.cell", "fields": {"y": 13, "x": 4, "terrain": 4, "mapObj": 3}}, {"pk": 665, "model": "fight.cell", "fields": {"y": 14, "x": 4, "terrain": 4, "mapObj": 3}}, {"pk": 501, "model": "fight.cell", "fields": {"y": 0, "x": 5, "terrain": 4, "mapObj": 3}}, {"pk": 502, "model": "fight.cell", "fields": {"y": 1, "x": 5, "terrain": 4, "mapObj": 3}}, {"pk": 503, "model": "fight.cell", "fields": {"y": 2, "x": 5, "terrain": 4, "mapObj": 3}}, {"pk": 504, "model": "fight.cell", "fields": {"y": 3, "x": 5, "terrain": 4, "mapObj": 3}}, {"pk": 505, "model": "fight.cell", "fields": {"y": 4, "x": 5, "terrain": 4, "mapObj": 3}}, {"pk": 546, "model": "fight.cell", "fields": {"y": 5, "x": 5, "terrain": 4, "mapObj": 3}}, {"pk": 553, "model": "fight.cell", "fields": {"y": 6, "x": 5, "terrain": 1, "mapObj": 3}}, {"pk": 560, "model": "fight.cell", "fields": {"y": 7, "x": 5, "terrain": 4, "mapObj": 3}}, {"pk": 567, "model": "fight.cell", "fields": {"y": 8, "x": 5, "terrain": 4, "mapObj": 3}}, {"pk": 574, "model": "fight.cell", "fields": {"y": 9, "x": 5, "terrain": 4, "mapObj": 3}}, {"pk": 626, "model": "fight.cell", "fields": {"y": 10, "x": 5, "terrain": 4, "mapObj": 3}}, {"pk": 636, "model": "fight.cell", "fields": {"y": 11, "x": 5, "terrain": 4, "mapObj": 3}}, {"pk": 646, "model": "fight.cell", "fields": {"y": 12, "x": 5, "terrain": 4, "mapObj": 3}}, {"pk": 656, "model": "fight.cell", "fields": {"y": 13, "x": 5, "terrain": 4, "mapObj": 3}}, {"pk": 666, "model": "fight.cell", "fields": {"y": 14, "x": 5, "terrain": 4, "mapObj": 3}}, {"pk": 506, "model": "fight.cell", "fields": {"y": 0, "x": 6, "terrain": 4, "mapObj": 3}}, {"pk": 507, "model": "fight.cell", "fields": {"y": 1, "x": 6, "terrain": 4, "mapObj": 3}}, {"pk": 508, "model": "fight.cell", "fields": {"y": 2, "x": 6, "terrain": 4, "mapObj": 3}}, {"pk": 509, "model": "fight.cell", "fields": {"y": 3, "x": 6, "terrain": 4, "mapObj": 3}}, {"pk": 510, "model": "fight.cell", "fields": {"y": 4, "x": 6, "terrain": 4, "mapObj": 3}}, {"pk": 547, "model": "fight.cell", "fields": {"y": 5, "x": 6, "terrain": 1, "mapObj": 3}}, {"pk": 554, "model": "fight.cell", "fields": {"y": 6, "x": 6, "terrain": 1, "mapObj": 3}}, {"pk": 561, "model": "fight.cell", "fields": {"y": 7, "x": 6, "terrain": 1, "mapObj": 3}}, {"pk": 568, "model": "fight.cell", "fields": {"y": 8, "x": 6, "terrain": 4, "mapObj": 3}}, {"pk": 575, "model": "fight.cell", "fields": {"y": 9, "x": 6, "terrain": 4, "mapObj": 3}}, {"pk": 627, "model": "fight.cell", "fields": {"y": 10, "x": 6, "terrain": 4, "mapObj": 3}}, {"pk": 637, "model": "fight.cell", "fields": {"y": 11, "x": 6, "terrain": 4, "mapObj": 3}}, {"pk": 647, "model": "fight.cell", "fields": {"y": 12, "x": 6, "terrain": 4, "mapObj": 3}}, {"pk": 657, "model": "fight.cell", "fields": {"y": 13, "x": 6, "terrain": 4, "mapObj": 3}}, {"pk": 667, "model": "fight.cell", "fields": {"y": 14, "x": 6, "terrain": 4, "mapObj": 3}}, {"pk": 511, "model": "fight.cell", "fields": {"y": 0, "x": 7, "terrain": 4, "mapObj": 3}}, {"pk": 512, "model": "fight.cell", "fields": {"y": 1, "x": 7, "terrain": 4, "mapObj": 3}}, {"pk": 513, "model": "fight.cell", "fields": {"y": 2, "x": 7, "terrain": 4, "mapObj": 3}}, {"pk": 514, "model": "fight.cell", "fields": {"y": 3, "x": 7, "terrain": 4, "mapObj": 3}}, {"pk": 515, "model": "fight.cell", "fields": {"y": 4, "x": 7, "terrain": 4, "mapObj": 3}}, {"pk": 516, "model": "fight.cell", "fields": {"y": 5, "x": 7, "terrain": 1, "mapObj": 3}}, {"pk": 517, "model": "fight.cell", "fields": {"y": 6, "x": 7, "terrain": 1, "mapObj": 3}}, {"pk": 518, "model": "fight.cell", "fields": {"y": 7, "x": 7, "terrain": 4, "mapObj": 3}}, {"pk": 519, "model": "fight.cell", "fields": {"y": 8, "x": 7, "terrain": 4, "mapObj": 3}}, {"pk": 520, "model": "fight.cell", "fields": {"y": 9, "x": 7, "terrain": 4, "mapObj": 3}}, {"pk": 628, "model": "fight.cell", "fields": {"y": 10, "x": 7, "terrain": 4, "mapObj": 3}}, {"pk": 638, "model": "fight.cell", "fields": {"y": 11, "x": 7, "terrain": 4, "mapObj": 3}}, {"pk": 648, "model": "fight.cell", "fields": {"y": 12, "x": 7, "terrain": 4, "mapObj": 3}}, {"pk": 658, "model": "fight.cell", "fields": {"y": 13, "x": 7, "terrain": 4, "mapObj": 3}}, {"pk": 668, "model": "fight.cell", "fields": {"y": 14, "x": 7, "terrain": 4, "mapObj": 3}}, {"pk": 521, "model": "fight.cell", "fields": {"y": 0, "x": 8, "terrain": 4, "mapObj": 3}}, {"pk": 522, "model": "fight.cell", "fields": {"y": 1, "x": 8, "terrain": 4, "mapObj": 3}}, {"pk": 523, "model": "fight.cell", "fields": {"y": 2, "x": 8, "terrain": 4, "mapObj": 3}}, {"pk": 524, "model": "fight.cell", "fields": {"y": 3, "x": 8, "terrain": 4, "mapObj": 3}}, {"pk": 525, "model": "fight.cell", "fields": {"y": 4, "x": 8, "terrain": 4, "mapObj": 3}}, {"pk": 526, "model": "fight.cell", "fields": {"y": 5, "x": 8, "terrain": 4, "mapObj": 3}}, {"pk": 527, "model": "fight.cell", "fields": {"y": 6, "x": 8, "terrain": 1, "mapObj": 3}}, {"pk": 528, "model": "fight.cell", "fields": {"y": 7, "x": 8, "terrain": 1, "mapObj": 3}}, {"pk": 529, "model": "fight.cell", "fields": {"y": 8, "x": 8, "terrain": 4, "mapObj": 3}}, {"pk": 530, "model": "fight.cell", "fields": {"y": 9, "x": 8, "terrain": 4, "mapObj": 3}}, {"pk": 629, "model": "fight.cell", "fields": {"y": 10, "x": 8, "terrain": 4, "mapObj": 3}}, {"pk": 639, "model": "fight.cell", "fields": {"y": 11, "x": 8, "terrain": 4, "mapObj": 3}}, {"pk": 649, "model": "fight.cell", "fields": {"y": 12, "x": 8, "terrain": 4, "mapObj": 3}}, {"pk": 659, "model": "fight.cell", "fields": {"y": 13, "x": 8, "terrain": 4, "mapObj": 3}}, {"pk": 669, "model": "fight.cell", "fields": {"y": 14, "x": 8, "terrain": 4, "mapObj": 3}}, {"pk": 531, "model": "fight.cell", "fields": {"y": 0, "x": 9, "terrain": 4, "mapObj": 3}}, {"pk": 532, "model": "fight.cell", "fields": {"y": 1, "x": 9, "terrain": 4, "mapObj": 3}}, {"pk": 533, "model": "fight.cell", "fields": {"y": 2, "x": 9, "terrain": 4, "mapObj": 3}}, {"pk": 534, "model": "fight.cell", "fields": {"y": 3, "x": 9, "terrain": 4, "mapObj": 3}}, {"pk": 535, "model": "fight.cell", "fields": {"y": 4, "x": 9, "terrain": 4, "mapObj": 3}}, {"pk": 536, "model": "fight.cell", "fields": {"y": 5, "x": 9, "terrain": 4, "mapObj": 3}}, {"pk": 537, "model": "fight.cell", "fields": {"y": 6, "x": 9, "terrain": 4, "mapObj": 3}}, {"pk": 538, "model": "fight.cell", "fields": {"y": 7, "x": 9, "terrain": 4, "mapObj": 3}}, {"pk": 539, "model": "fight.cell", "fields": {"y": 8, "x": 9, "terrain": 4, "mapObj": 3}}, {"pk": 540, "model": "fight.cell", "fields": {"y": 9, "x": 9, "terrain": 4, "mapObj": 3}}, {"pk": 630, "model": "fight.cell", "fields": {"y": 10, "x": 9, "terrain": 4, "mapObj": 3}}, {"pk": 640, "model": "fight.cell", "fields": {"y": 11, "x": 9, "terrain": 4, "mapObj": 3}}, {"pk": 650, "model": "fight.cell", "fields": {"y": 12, "x": 9, "terrain": 4, "mapObj": 3}}, {"pk": 660, "model": "fight.cell", "fields": {"y": 13, "x": 9, "terrain": 4, "mapObj": 3}}, {"pk": 670, "model": "fight.cell", "fields": {"y": 14, "x": 9, "terrain": 4, "mapObj": 3}}, {"pk": 576, "model": "fight.cell", "fields": {"y": 0, "x": 10, "terrain": 4, "mapObj": 3}}, {"pk": 577, "model": "fight.cell", "fields": {"y": 1, "x": 10, "terrain": 4, "mapObj": 3}}, {"pk": 578, "model": "fight.cell", "fields": {"y": 2, "x": 10, "terrain": 4, "mapObj": 3}}, {"pk": 579, "model": "fight.cell", "fields": {"y": 3, "x": 10, "terrain": 4, "mapObj": 3}}, {"pk": 580, "model": "fight.cell", "fields": {"y": 4, "x": 10, "terrain": 4, "mapObj": 3}}, {"pk": 581, "model": "fight.cell", "fields": {"y": 5, "x": 10, "terrain": 4, "mapObj": 3}}, {"pk": 582, "model": "fight.cell", "fields": {"y": 6, "x": 10, "terrain": 4, "mapObj": 3}}, {"pk": 583, "model": "fight.cell", "fields": {"y": 7, "x": 10, "terrain": 4, "mapObj": 3}}, {"pk": 584, "model": "fight.cell", "fields": {"y": 8, "x": 10, "terrain": 4, "mapObj": 3}}, {"pk": 585, "model": "fight.cell", "fields": {"y": 9, "x": 10, "terrain": 4, "mapObj": 3}}, {"pk": 586, "model": "fight.cell", "fields": {"y": 10, "x": 10, "terrain": 4, "mapObj": 3}}, {"pk": 587, "model": "fight.cell", "fields": {"y": 11, "x": 10, "terrain": 4, "mapObj": 3}}, {"pk": 588, "model": "fight.cell", "fields": {"y": 12, "x": 10, "terrain": 4, "mapObj": 3}}, {"pk": 589, "model": "fight.cell", "fields": {"y": 13, "x": 10, "terrain": 4, "mapObj": 3}}, {"pk": 590, "model": "fight.cell", "fields": {"y": 14, "x": 10, "terrain": 4, "mapObj": 3}}, {"pk": 591, "model": "fight.cell", "fields": {"y": 0, "x": 11, "terrain": 4, "mapObj": 3}}, {"pk": 592, "model": "fight.cell", "fields": {"y": 1, "x": 11, "terrain": 4, "mapObj": 3}}, {"pk": 593, "model": "fight.cell", "fields": {"y": 2, "x": 11, "terrain": 4, "mapObj": 3}}, {"pk": 594, "model": "fight.cell", "fields": {"y": 3, "x": 11, "terrain": 4, "mapObj": 3}}, {"pk": 595, "model": "fight.cell", "fields": {"y": 4, "x": 11, "terrain": 4, "mapObj": 3}}, {"pk": 596, "model": "fight.cell", "fields": {"y": 5, "x": 11, "terrain": 4, "mapObj": 3}}, {"pk": 597, "model": "fight.cell", "fields": {"y": 6, "x": 11, "terrain": 4, "mapObj": 3}}, {"pk": 598, "model": "fight.cell", "fields": {"y": 7, "x": 11, "terrain": 4, "mapObj": 3}}, {"pk": 599, "model": "fight.cell", "fields": {"y": 8, "x": 11, "terrain": 4, "mapObj": 3}}, {"pk": 600, "model": "fight.cell", "fields": {"y": 9, "x": 11, "terrain": 4, "mapObj": 3}}, {"pk": 601, "model": "fight.cell", "fields": {"y": 10, "x": 11, "terrain": 4, "mapObj": 3}}, {"pk": 602, "model": "fight.cell", "fields": {"y": 11, "x": 11, "terrain": 4, "mapObj": 3}}, {"pk": 603, "model": "fight.cell", "fields": {"y": 12, "x": 11, "terrain": 4, "mapObj": 3}}, {"pk": 604, "model": "fight.cell", "fields": {"y": 13, "x": 11, "terrain": 4, "mapObj": 3}}, {"pk": 605, "model": "fight.cell", "fields": {"y": 14, "x": 11, "terrain": 4, "mapObj": 3}}, {"pk": 606, "model": "fight.cell", "fields": {"y": 0, "x": 12, "terrain": 4, "mapObj": 3}}, {"pk": 607, "model": "fight.cell", "fields": {"y": 1, "x": 12, "terrain": 4, "mapObj": 3}}, {"pk": 608, "model": "fight.cell", "fields": {"y": 2, "x": 12, "terrain": 4, "mapObj": 3}}, {"pk": 609, "model": "fight.cell", "fields": {"y": 3, "x": 12, "terrain": 4, "mapObj": 3}}, {"pk": 610, "model": "fight.cell", "fields": {"y": 4, "x": 12, "terrain": 4, "mapObj": 3}}, {"pk": 611, "model": "fight.cell", "fields": {"y": 5, "x": 12, "terrain": 4, "mapObj": 3}}, {"pk": 612, "model": "fight.cell", "fields": {"y": 6, "x": 12, "terrain": 4, "mapObj": 3}}, {"pk": 613, "model": "fight.cell", "fields": {"y": 7, "x": 12, "terrain": 4, "mapObj": 3}}, {"pk": 614, "model": "fight.cell", "fields": {"y": 8, "x": 12, "terrain": 4, "mapObj": 3}}, {"pk": 615, "model": "fight.cell", "fields": {"y": 9, "x": 12, "terrain": 4, "mapObj": 3}}, {"pk": 616, "model": "fight.cell", "fields": {"y": 10, "x": 12, "terrain": 4, "mapObj": 3}}, {"pk": 617, "model": "fight.cell", "fields": {"y": 11, "x": 12, "terrain": 4, "mapObj": 3}}, {"pk": 618, "model": "fight.cell", "fields": {"y": 12, "x": 12, "terrain": 4, "mapObj": 3}}, {"pk": 619, "model": "fight.cell", "fields": {"y": 13, "x": 12, "terrain": 4, "mapObj": 3}}, {"pk": 620, "model": "fight.cell", "fields": {"y": 14, "x": 12, "terrain": 4, "mapObj": 3}}, {"pk": 3, "model": "fight.character", "fields": {"name": "Archer", "creator": 1}}, {"pk": 1, "model": "fight.character", "fields": {"name": "Peasant", "creator": 1}}, {"pk": 2, "model": "fight.character", "fields": {"name": "Warrior", "creator": 1}}, {"pk": 1, "model": "fight.characterattribute", "fields": {"attribute": 1, "character": 1, "value": 5}}, {"pk": 2, "model": "fight.characterattribute", "fields": {"attribute": 1, "character": 1, "value": 5}}, {"pk": 3, "model": "fight.characterattribute", "fields": {"attribute": 11, "character": 3, "value": 8}}, {"pk": 4, "model": "fight.characterattribute", "fields": {"attribute": 1, "character": 3, "value": 5}}, {"pk": 5, "model": "fight.characterattribute", "fields": {"attribute": 11, "character": 1, "value": 3}}, {"pk": 6, "model": "fight.characterattribute", "fields": {"attribute": 3, "character": 1, "value": 2}}, {"pk": 7, "model": "fight.characterattribute", "fields": {"attribute": 10, "character": 1, "value": 3}}, {"pk": 8, "model": "fight.characterattribute", "fields": {"attribute": 4, "character": 1, "value": 0}}, {"pk": 9, "model": "fight.characterattribute", "fields": {"attribute": 2, "character": 1, "value": 4}}, {"pk": 10, "model": "fight.characterattribute", "fields": {"attribute": 9, "character": 1, "value": 4}}, {"pk": 11, "model": "fight.characterattribute", "fields": {"attribute": 3, "character": 3, "value": 3}}, {"pk": 12, "model": "fight.characterattribute", "fields": {"attribute": 10, "character": 3, "value": 3}}, {"pk": 13, "model": "fight.characterattribute", "fields": {"attribute": 4, "character": 3, "value": 0}}, {"pk": 14, "model": "fight.characterattribute", "fields": {"attribute": 2, "character": 3, "value": 5}}, {"pk": 15, "model": "fight.characterattribute", "fields": {"attribute": 9, "character": 3, "value": 3}}, {"pk": 16, "model": "fight.characterattribute", "fields": {"attribute": 5, "character": 3, "value": 4}}, {"pk": 17, "model": "fight.characterattribute", "fields": {"attribute": 6, "character": 3, "value": 6}}, {"pk": 18, "model": "fight.characterattribute", "fields": {"attribute": 8, "character": 3, "value": 7}}, {"pk": 19, "model": "fight.characterattribute", "fields": {"attribute": 7, "character": 3, "value": 0}}, {"pk": 20, "model": "fight.characterattribute", "fields": {"attribute": 11, "character": 2, "value": 6}}, {"pk": 21, "model": "fight.characterattribute", "fields": {"attribute": 1, "character": 2, "value": 6}}, {"pk": 22, "model": "fight.characterattribute", "fields": {"attribute": 3, "character": 2, "value": 7}}, {"pk": 23, "model": "fight.characterattribute", "fields": {"attribute": 10, "character": 2, "value": 4}}, {"pk": 24, "model": "fight.characterattribute", "fields": {"attribute": 4, "character": 2, "value": 2}}, {"pk": 25, "model": "fight.characterattribute", "fields": {"attribute": 2, "character": 2, "value": 5}}, {"pk": 26, "model": "fight.characterattribute", "fields": {"attribute": 9, "character": 2, "value": 3}}]